N,threads,time_seq_median,time_seq_std,time_par_median,time_par_std,speedup_median,speedup_std,checksum_correct,efficiency_median
0,1,5e-06,0.0,0.00011899999999999999,1.8596295927474978e-05,0.04204352741661956,0.005901756158845391,True,0.04204352741661956
0,2,5e-06,0.0,0.000131,1.5622277540600644e-05,0.03816793893129771,0.004184963595384428,True,0.019083969465648856
1,1,1.0500000000000001e-05,9.660917830792957e-07,0.0001135,1.503477450593937e-05,0.08928571428571429,0.013527409077075421,True,0.08928571428571429
1,2,1.0500000000000001e-05,9.660917830792957e-07,0.000143,2.298332729030619e-05,0.07442203186884039,0.011491630719928144,True,0.037211015934420194
100,1,2.9e-05,1.7669811040931432e-06,0.000157,2.944693909767571e-05,0.18569002123142253,0.020974350015235507,True,0.18569002123142253
100,2,2.9e-05,1.7669811040931432e-06,0.00017,2.2126906697502934e-05,0.1686390532544379,0.02865060476786481,True,0.08431952662721895
100,4,2.9e-05,1.7669811040931432e-06,0.000246,2.4279849898858744e-05,0.12202323073387197,0.014854059525834622,True,0.030505807683467993
500,1,0.0001,7.378647873726253e-07,0.000227,1.2605554331325527e-05,0.44274623968947113,0.024639727314291014,True,0.44274623968947113
500,2,0.0001,7.378647873726253e-07,0.00025299999999999997,2.5413032527076006e-05,0.3934550513497882,0.04140410021290171,True,0.1967275256748941
500,4,0.0001,7.378647873726253e-07,0.00028300000000000005,1.270870218043963e-05,0.3533613025671761,0.01600604039599585,True,0.08834032564179403
100000,1,0.020222999999999998,0.0003349675937891451,0.0216735,0.0002320554531428502,0.9339245583360245,0.018788021952470778,True,0.9339245583360245
200000,2,0.0312295,0.0005319147801418324,0.019408500000000002,0.0002889403821629021,1.6111366305372836,0.04069452374132044,True,0.8055683152686418
400000,4,0.0571865,0.0003661502423869196,0.0199865,0.0003797207892356942,2.852603776859496,0.06030090394335064,True,0.713150944214874
600000,6,0.074487,0.0004478941343169806,0.019613,0.0006888919363731878,3.794587206478404,0.14404333233491298,True,0.632431201079734
800000,8,0.10823550000000001,0.0007922228151782148,0.0209365,0.0005594192325776594,5.112524309048235,0.13331467429620664,True,0.6390655386310293
1000000,10,0.1176335,0.0024172421291858846,0.020536,0.00030359146525845804,5.708353559136363,0.13067098179744813,True,0.5708353559136363
1200000,12,0.13908949999999998,0.0008070353427480209,0.0217575,0.00038497077811179385,6.433206728477217,0.10949095726636801,True,0.5361005607064347
1400000,14,0.1608475,0.001747329597477881,0.0241165,0.0022629087868886316,6.725151405115884,0.6474608517547359,True,0.48036795750827743
1600000,16,0.18297449999999998,0.002405487439630942,0.028043,0.00045739090988392565,6.524212599287533,0.15568786896397308,True,0.4077632874554708
1800000,18,0.2054735,0.0008138315482265871,0.029301,0.00047421688661998957,7.009298476580007,0.11267574176779781,True,0.3894054709211115
2000000,20,0.2280775,0.0014881748142532816,0.031131,0.00046370418012636755,7.363682982119578,0.12659001788044374,True,0.3681841491059789
2200000,22,0.25066,0.0011184320373729682,0.0322735,0.0003335143508489889,7.754155068617917,0.09618299449282458,True,0.35246159402808713
2400000,24,0.2742515,0.009821333155149785,0.033535999999999996,0.0005042237267985989,8.208744960201177,0.3119641940035419,True,0.34203104000838236
2600000,26,0.2962975,0.0011128547324586284,0.034913,0.0003479103332756864,8.497353172967832,0.09677526824750118,True,0.32682127588337817
2800000,28,0.31943900000000003,0.0021725828867962763,0.03618349999999999,0.00036422087315864327,8.836903172505831,0.13709356190094843,True,0.3156036847323511
3000000,30,0.3426945,0.017693347897507174,0.037677,0.00043862442805763587,9.122242191076872,0.44985498490843484,True,0.3040747397025624
3200000,32,0.3644865,0.01218546617719467,0.040164500000000006,0.001040345183100301,9.087196175841648,0.28503230734015805,True,0.2839748804950515
10000000,1,1.1337480000000002,0.004465669914905138,1.145713,0.0052018321088717545,0.9904660238327421,0.006256554607327796,True,0.9904660238327421
10000000,2,1.1337480000000002,0.004465669914905138,0.6617985,0.002530015450106546,1.7111488901439902,0.00949787480523802,True,0.8555744450719951
10000000,4,1.1337480000000002,0.004465669914905138,0.36973599999999995,0.0016775181038930235,3.0670288212098367,0.022995633338604236,True,0.7667572053024592
10000000,6,1.1337480000000002,0.004465669914905138,0.274248,0.00785825215299178,4.135228505404938,0.10514086185634798,True,0.689204750900823
10000000,8,1.1337480000000002,0.004465669914905138,0.21412150000000002,0.003970113656363564,5.2809017426664004,0.08690307980074506,True,0.6601127178333001
10000000,10,1.1337480000000002,0.004465669914905138,0.182285,0.00033561699400754485,6.211642085321531,0.03281676791834149,True,0.621164208532153
10000000,12,1.1337480000000002,0.004465669914905138,0.160875,0.007869057139623964,7.028350990352775,0.2996294029205709,True,0.5856959158627313
10000000,14,1.1337480000000002,0.004465669914905138,0.1690615,0.01151874308584829,6.731419242055057,0.5170009428344311,True,0.4808156601467898
10000000,16,1.1337480000000002,0.004465669914905138,0.16002,0.004147652026548684,7.092596611123784,0.1843878472897519,True,0.4432872881952365
10000000,18,1.1337480000000002,0.004465669914905138,0.15191949999999999,0.003039045018130233,7.448929918218957,0.14571864257780798,True,0.41382943990105314
10000000,20,1.1337480000000002,0.004465669914905138,0.143809,0.0006592863228943521,7.89965325638843,0.049838595463144404,True,0.3949826628194215
10000000,22,1.1337480000000002,0.004465669914905138,0.13725500000000002,0.0016190836537306353,8.278049681097917,0.11719028182389368,True,0.37627498550445077
10000000,24,1.1337480000000002,0.004465669914905138,0.131403,0.001140141516557382,8.62950295548124,0.08581043894533064,True,0.35956262314505166
10000000,26,1.1337480000000002,0.004465669914905138,0.12664,0.0006821347211348858,8.933857739052268,0.060325958791815154,True,0.34360991304047184
10000000,28,1.1337480000000002,0.004465669914905138,0.121533,0.0022738044111136704,9.302848314514407,0.1503208263454237,True,0.3322445826612288
10000000,30,1.1337480000000002,0.004465669914905138,0.1185065,0.000968299018324858,9.571442187953537,0.08492959988967062,True,0.31904807293178455
10000000,32,1.1337480000000002,0.004465669914905138,0.1182015,0.0018604296546765728,9.570610811983244,0.14166617399779605,True,0.29908158787447636
