label,Histogram R,Prefix R,Scatter R,Histogram S,Prefix S,Scatter S,Join Local,Accumulation,Total,Measured Sum,Other Overhead
seq,169.68349999999998,0.0175085,229.035,169.816,0.003601,229.0415,351.30850000000004,0.0024305,1150.83,1.1489080399999998,1.9219600000002224
1,170.172,0.0057870000000000005,226.59799999999998,170.081,0.0024500000000000004,227.30349999999999,344.89000000000004,0.000123,1140.8100000000002,1.13905286,1.7571400000000459
2,87.7754,0.0058355,155.3935,90.19395,0.0023994999999999997,154.911,173.78199999999998,0.0001725,662.678,0.6620642575,0.6137425000000141
4,47.272949999999994,0.005827000000000001,92.03145,47.237,0.0024504999999999996,91.263,91.5305,0.0001695,369.5935,0.36934334700000004,0.2501529999999752
6,32.524449999999995,0.005923,70.1549,32.54425,0.0024284999999999997,69.90194999999999,63.58710000000001,0.000204,269.18600000000004,0.2687212055,0.464794500000032
8,24.2919,0.005990499999999999,58.66095000000001,24.11775,0.002386,58.21905,48.138349999999996,0.0002145,213.4915,0.213436591,0.05490899999999188
10,19.71135,0.006055999999999999,52.05145,19.49985,0.002329,51.48865,38.9476,0.0002445,181.7295,0.18170752949999996,0.02197050000002365
12,16.74025,0.006135,47.425599999999996,16.5437,0.002627,46.980399999999996,32.8446,0.00021899999999999998,160.69050000000001,0.16054353100000002,0.1469689999999968
14,14.2693,0.006339,44.1687,14.049199999999999,0.0024114999999999996,43.80055,28.5378,0.0002255,144.933,0.144834526,0.0984739999999873
16,19.50275,0.006803999999999999,46.906749999999995,18.963050000000003,0.002042,46.426700000000004,26.2022,0.000232,158.0205,0.15801052799999998,0.009972000000024739
18,17.25525,0.0065215,44.74725,16.96485,0.0021475,45.023849999999996,24.510749999999998,0.00024749999999999994,148.9915,0.14851086649999998,0.4806335000000217
20,15.7973,0.0063975,44.5148,15.46725,0.0023745,43.95105,23.23235,0.0002635,143.012,0.1429717855,0.04021449999999649
22,14.59395,0.0066305,42.85020000000001,14.3921,0.0023875,42.0799,22.4027,0.000282,136.4785,0.13632815,0.15034999999999354
24,13.599,0.006921,41.501200000000004,13.1279,0.002203,40.60465,21.6888,0.000257,130.67499999999998,0.13053093100000002,0.14406899999996892
26,12.998249999999999,0.006367,40.23365,12.42565,0.002062,39.481700000000004,20.8272,0.000302,126.192,0.125975181,0.21681900000000698
28,11.59,0.009207,39.083850000000005,11.296500000000002,0.0020425,38.291199999999996,20.298999999999996,0.00028849999999999997,120.325,0.12057208800000001,0.0
30,11.1916,0.0068815000000000005,38.238550000000004,10.6071,0.002277,37.5635,19.6317,0.000383,117.3035,0.11724199150000002,0.06150849999998764
32,12.52965,0.0065255,37.68325,10.38875,0.0023005000000000005,37.77205,19.429750000000002,0.000286,118.9075,0.117812562,1.0949380000000035
