N,seed,k,time_baseline,time_autovec,time_avx,speedup_autovec,speedup_avx,checksum_baseline,checksum_autovec,checksum_avx,correct,throughput_baseline,throughput_autovec,throughput_avx
100,0,16,2.41e-07,2.21e-07,2.3e-07,1.090497737556561,1.0478260869565217,3283725,3283725,3283725,True,414937759.33609957,452488687.78280544,434782608.6956522
100,1,16,2.61e-07,2.31e-07,2.41e-07,1.12987012987013,1.08298755186722,3540861,3540861,3540861,True,383141762.45210725,432900432.90043294,414937759.33609957
100,2,16,2.7e-07,2.4e-07,2.21e-07,1.1250000000000002,1.2217194570135748,3389520,3389520,3389520,True,370370370.3703703,416666666.6666667,452488687.78280544
100,3,16,2.5e-07,2.41e-07,2.3e-07,1.0373443983402488,1.0869565217391304,3432486,3432486,3432486,True,400000000.0,414937759.33609957,434782608.6956522
100,4,16,3.1e-07,2.3e-07,2.41e-07,1.3478260869565217,1.2863070539419086,3194221,3194221,3194221,True,322580645.16129035,434782608.6956522,414937759.33609957
100,5,16,2.51e-07,2.4e-07,2.51e-07,1.0458333333333334,1.0,3443556,3443556,3443556,True,398406374.501992,416666666.6666667,398406374.501992
100,6,16,2.51e-07,2.31e-07,2.2e-07,1.0865800865800868,1.1409090909090909,3347571,3347571,3347571,True,398406374.501992,432900432.90043294,454545454.5454545
100,7,16,2.51e-07,2.61e-07,2.3e-07,0.9616858237547893,1.091304347826087,3259292,3259292,3259292,True,398406374.501992,383141762.45210725,434782608.6956522
100,8,16,2.51e-07,2.21e-07,2.3e-07,1.1357466063348416,1.091304347826087,3135249,3135249,3135249,True,398406374.501992,452488687.78280544,434782608.6956522
100,9,16,3.7e-07,2.4e-07,2.61e-07,1.5416666666666667,1.417624521072797,3494618,3494618,3494618,True,270270270.2702703,416666666.6666667,383141762.45210725
100,10,16,2.51e-07,2.31e-07,2.21e-07,1.0865800865800868,1.1357466063348416,3292187,3292187,3292187,True,398406374.501992,432900432.90043294,452488687.78280544
500,0,16,6.01e-07,5.41e-07,6.51e-07,1.11090573012939,0.9231950844854071,16571362,16571362,16571362,True,831946755.4076538,924214417.7449168,768049155.1459293
500,1,16,6.41e-07,5.41e-07,5.51e-07,1.1848428835489833,1.1633393829401089,16621128,16621128,16621128,True,780031201.24805,924214417.7449168,907441016.3339382
500,2,16,5.81e-07,6.51e-07,7.91e-07,0.89247311827957,0.7345132743362832,16739936,16739936,16739936,True,860585197.9345955,768049155.1459293,632111251.5802782
500,3,16,6.01e-07,5.31e-07,5.51e-07,1.1318267419962336,1.0907441016333939,16367863,16367863,16367863,True,831946755.4076538,941619585.6873823,907441016.3339382
500,4,16,7.52e-07,5.31e-07,5.61e-07,1.4161958568738229,1.3404634581105168,16905426,16905426,16905426,True,664893617.0212766,941619585.6873823,891265597.14795
500,5,16,6.21e-07,5.41e-07,5.61e-07,1.1478743068391866,1.106951871657754,17109660,17109660,17109660,True,805152979.0660226,924214417.7449168,891265597.14795
500,6,16,5.91e-07,5.41e-07,5.51e-07,1.0924214417744917,1.0725952813067152,16769096,16769096,16769096,True,846023688.6632825,924214417.7449168,907441016.3339382
500,7,16,6.01e-07,5.51e-07,5.41e-07,1.0907441016333939,1.11090573012939,16162271,16162271,16162271,True,831946755.4076538,907441016.3339382,924214417.7449168
500,8,16,6.01e-07,5.31e-07,5.51e-07,1.1318267419962336,1.0907441016333939,16173835,16173835,16173835,True,831946755.4076538,941619585.6873823,907441016.3339382
500,9,16,6.11e-07,5.41e-07,5.41e-07,1.1293900184842882,1.1293900184842882,15844018,15844018,15844018,True,818330605.5646482,924214417.7449168,924214417.7449168
500,10,16,6.01e-07,5.61e-07,5.51e-07,1.071301247771836,1.0907441016333939,16234257,16234257,16234257,True,831946755.4076538,891265597.14795,907441016.3339382
1000,0,16,1.062e-06,9.12e-07,9.32e-07,1.1644736842105263,1.1394849785407724,32258850,32258850,32258850,True,941619585.6873823,1096491228.0701754,1072961373.3905579
1000,1,16,1.072e-06,9.11e-07,9.42e-07,1.1767288693743139,1.138004246284501,32818560,32818560,32818560,True,932835820.8955224,1097694840.834248,1061571125.2653928
1000,2,16,1.052e-06,9.42e-07,9.52e-07,1.1167728237791932,1.1050420168067228,33229999,33229999,33229999,True,950570342.2053231,1061571125.2653928,1050420168.067227
1000,3,16,1.042e-06,1.193e-06,3.937e-06,0.873428331936295,0.2646685293370587,32667485,32667485,32667485,True,959692898.2725528,838222967.3093042,254000508.00101602
1000,4,16,1.032e-06,9.62e-07,9.42e-07,1.0727650727650728,1.0955414012738853,33692241,33692241,33692241,True,968992248.0620155,1039501039.5010394,1061571125.2653928
1000,5,16,1.072e-06,9.32e-07,9.42e-07,1.150214592274678,1.138004246284501,33119112,33119112,33119112,True,932835820.8955224,1072961373.3905579,1061571125.2653928
1000,6,16,1.102e-06,1.162e-06,9.41e-07,0.9483648881239242,1.1710945802337938,33153022,33153022,33153022,True,907441016.3339382,860585197.9345955,1062699256.1105207
1000,7,16,1.042e-06,1.162e-06,9.31e-07,0.8967297762478484,1.1192266380236304,31847629,31847629,31847629,True,959692898.2725528,860585197.9345955,1074113856.0687432
1000,8,16,1.062e-06,9.32e-07,9.52e-07,1.1394849785407724,1.115546218487395,32822067,32822067,32822067,True,941619585.6873823,1072961373.3905579,1050420168.067227
1000,9,16,1.072e-06,1.142e-06,9.42e-07,0.9387040280210158,1.138004246284501,31910753,31910753,31910753,True,932835820.8955224,875656742.5569177,1061571125.2653928
1000,10,16,1.042e-06,9.22e-07,9.51e-07,1.1301518438177873,1.095688748685594,32656981,32656981,32656981,True,959692898.2725528,1084598698.481562,1051524710.8307046
5000,0,16,4.679e-06,4.018e-06,4.088e-06,1.1645097063215528,1.144569471624266,160458930,160458930,160458930,True,1068604402.650139,1244400199.1040318,1223091976.5166342
5000,1,16,4.809e-06,3.987e-06,4.098e-06,1.2061700526711814,1.1734992679355782,163156755,163156755,163156755,True,1039717196.9224371,1254075746.1750689,1220107369.4485114
5000,2,16,4.709e-06,4.108e-06,4.107e-06,1.1462999026290166,1.1465790114438763,164725337,164725337,164725337,True,1061796559.7791463,1217137293.0866601,1217433649.8660824
5000,3,16,4.739e-06,4.098e-06,4.098e-06,1.156417764763299,1.156417764763299,163122893,163122893,163122893,True,1055074910.3186326,1220107369.4485114,1220107369.4485114
5000,4,16,4.729e-06,4.098e-06,4.569e-06,1.153977550024402,1.03501860363318,163422288,163422288,163422288,True,1057305984.3518715,1220107369.4485114,1094331363.536879
5000,5,16,4.709e-06,4.018e-06,4.097e-06,1.1719761075161772,1.149377593360996,163759402,163759402,163759402,True,1061796559.7791463,1244400199.1040318,1220405174.51794
5000,6,16,5.269e-06,4.017e-06,4.097e-06,1.3116753796365448,1.2860629729070052,164915550,164915550,164915550,True,948946669.1971911,1244709982.5740602,1220405174.51794
5000,7,16,4.718e-06,4.027e-06,4.108e-06,1.171591755649367,1.1484907497565726,162861853,162861853,162861853,True,1059771089.4446799,1241619071.2689347,1217137293.0866601
5000,8,16,4.689e-06,4.017e-06,4.098e-06,1.167289021657954,1.144216691068814,162985376,162985376,162985376,True,1066325442.5250586,1244709982.5740602,1220107369.4485114
5000,9,16,4.709e-06,4.108e-06,4.088e-06,1.1462999026290166,1.151908023483366,161378902,161378902,161378902,True,1061796559.7791463,1217137293.0866601,1223091976.5166342
5000,10,16,4.719e-06,4.088e-06,4.108e-06,1.1543542074363993,1.1487341772151898,164131070,164131070,164131070,True,1059546514.0919687,1223091976.5166342,1217137293.0866601
10000,0,16,9.297e-06,8.726e-06,8.085e-06,1.0654366261746502,1.1499072356215212,323280054,323280054,323280054,True,1075615790.0397978,1146000458.4001832,1236858379.7155225
10000,1,16,9.257e-06,8.005e-06,8.065e-06,1.1564022485946281,1.1477991320520768,327879977,327879977,327879977,True,1080263584.3145728,1249219237.9762647,1239925604.4637322
10000,2,16,9.348e-06,8.005e-06,8.066e-06,1.1677701436602121,1.1589387552690305,327978974,327978974,327978974,True,1069747539.580659,1249219237.9762647,1239771881.9737167
10000,3,16,9.357e-06,7.895e-06,8.056e-06,1.185180493983534,1.1614945382323734,326754629,326754629,326754629,True,1068718606.3909372,1266624445.851805,1241310824.2303872
10000,4,16,9.208e-06,8.015e-06,8.065e-06,1.1488459139114162,1.1417234965902048,327096309,327096309,327096309,True,1086012163.3362293,1247660636.3069246,1239925604.4637322
10000,5,16,9.348e-06,8.045e-06,8.076e-06,1.1619639527656929,1.1575037147102525,325675751,325675751,325675751,True,1069747539.580659,1243008079.5525172,1238236750.8667657
10000,6,16,9.287e-06,8.847e-06,8.036e-06,1.0497343732338644,1.1556744649079143,329989305,329989305,329989305,True,1076773985.1405191,1130326664.4060133,1244400199.1040318
10000,7,16,9.317e-06,8.135e-06,8.076e-06,1.1452980946527354,1.1536651807825657,323879289,323879289,323879289,True,1073306858.4308252,1229256299.9385374,1238236750.8667657
10000,8,16,9.298e-06,7.915e-06,8.746e-06,1.174731522425774,1.063114566659044,328924861,328924861,328924861,True,1075500107.5500107,1263423878.7113078,1143379830.779785
10000,9,16,9.307e-06,7.875e-06,8.075e-06,1.18184126984127,1.1525696594427246,327438994,327438994,327438994,True,1074460083.8078864,1269841269.8412697,1238390092.879257
10000,10,16,9.348e-06,7.905e-06,8.055e-06,1.1825426944971535,1.1605214152700185,327351461,327351461,327351461,True,1069747539.580659,1265022137.887413,1241464928.6157665
50000,0,16,4.5996e-05,3.9544e-05,3.9725e-05,1.163160024276755,1.1578602894902452,1638782641,1638782641,1638782641,True,1087051047.9172103,1264414323.2854543,1258653241.0320954
50000,1,16,4.5825e-05,3.8912e-05,3.9734e-05,1.1776572779605263,1.1532944078119494,1635389637,1635389637,1635389637,True,1091107474.0861974,1284950657.8947368,1258368148.1854331
50000,2,16,4.5815e-05,3.8843e-05,3.9884e-05,1.1794918003243828,1.1487062481195467,1642446455,1642446455,1642446455,True,1091345629.1607552,1287233220.9149654,1253635543.0749173
50000,3,16,4.5996e-05,3.9945e-05,3.9745e-05,1.1514832895230942,1.1572776449867908,1641403788,1641403788,1641403788,True,1087051047.9172103,1251721116.5352361,1258019876.7140522
50000,4,16,4.5997e-05,3.8923e-05,0.000247503,1.1817434421807158,0.18584421198934964,1633578247,1633578247,1633578247,True,1087027414.831402,1284587518.947666,202017753.3201618
50000,5,16,4.5946e-05,4.0255e-05,4.0385e-05,1.1413737423922494,1.1376996409558002,1632035544,1632035544,1632035544,True,1088234013.8423367,1242081728.9777668,1238083446.824316
50000,6,16,4.5876e-05,3.9664e-05,3.9744e-05,1.1566155707946753,1.1542874396135265,1641017691,1641017691,1641017691,True,1089894498.212573,1260588947.1561115,1258051529.7906604
50000,7,16,4.5986e-05,3.8912e-05,3.9735e-05,1.1817948190789473,1.1573172266264,1634708088,1634708088,1634708088,True,1087287435.3063974,1284950657.8947368,1258336479.1745312
50000,8,16,4.5866e-05,3.9684e-05,3.9755e-05,1.1557806672714444,1.153716513646082,1634149764,1634149764,1634149764,True,1090132124.0134306,1259953633.7062795,1257703433.5303736
50000,9,16,4.5756e-05,3.9524e-05,3.9985e-05,1.1576763485477177,1.1443291234212831,1635884345,1635884345,1635884345,True,1092752863.012501,1265054144.3173766,1250468925.8471928
50000,10,16,4.6067e-05,3.9564e-05,3.9794e-05,1.1643665958952583,1.157636829672815,1633972625,1633972625,1633972625,True,1085375648.51195,1263775149.1254675,1256470824.7474494
100000,0,16,9.2163e-05,7.9178e-05,7.9479e-05,1.163997575083988,1.159589325482203,3277629760,3277629760,3277629760,True,1085034124.32321,1262977089.5955946,1258193988.3491237
100000,1,16,9.1671e-05,7.8818e-05,7.9518e-05,1.1630718871323809,1.1528333207575643,3277763269,3277763269,3277763269,True,1090857523.0989082,1268745717.9832017,1257576900.8274856
100000,2,16,9.1601e-05,7.7636e-05,7.9609e-05,1.179877891699727,1.1506362345965908,3284322497,3284322497,3284322497,True,1091691138.7430267,1288062239.1673965,1256139381.2257407
100000,3,16,9.1662e-05,7.8046e-05,7.9429e-05,1.1744612151807907,1.1540117589293584,3280810822,3280810822,3280810822,True,1090964630.9266653,1281295646.1573942,1258986012.6653993
100000,4,16,9.1542e-05,7.9589e-05,7.9829e-05,1.1501840706630313,1.146726127096669,3269293227,3269293227,3269293227,True,1092394747.7660527,1256455037.7564738,1252677598.3665085
100000,5,16,9.1542e-05,7.7966e-05,7.987e-05,1.1741271836441525,1.1461374733942655,3270357785,3270357785,3270357785,True,1092394747.7660527,1282610368.6222198,1252034556.1537497
100000,6,16,9.1822e-05,7.7815e-05,7.9409e-05,1.1800038552978218,1.1563172940094952,3283468943,3283468943,3283468943,True,1089063623.0968614,1285099273.9189103,1259303101.6635394
100000,7,16,9.1962e-05,7.8247e-05,7.9338e-05,1.1752782854294734,1.1591166906148376,3271628374,3271628374,3271628374,True,1087405667.5583394,1278004268.534257,1260430058.7360406
100000,8,16,9.136e-05,7.8006e-05,7.9479e-05,1.171191959592852,1.1494860277557595,3273075415,3273075415,3273075415,True,1094570928.196147,1281952670.3074124,1258193988.3491237
100000,9,16,9.1632e-05,7.8487e-05,8.015e-05,1.167479964834941,1.1432563942607612,3270234635,3270234635,3270234635,True,1091321808.9750304,1274096347.1657727,1247660636.3069246
100000,10,16,9.2413e-05,9.3265e-05,0.000214962,0.990864740256259,0.4299038899898587,3269404620,3269404620,3269404620,True,1082098838.9079459,1072213584.9461213,465198500.2000354
500000,0,16,0.000487803,0.00041687,0.000451083,1.1701561637920694,1.0814040874960926,16418326378,16418326378,16418326378,True,1025003946.2651932,1199414685.633411,1108443457.1908052
500000,1,16,0.000546172,0.000419595,0.000428372,1.3016647004849917,1.2749946308348818,16379765773,16379765773,16379765773,True,915462528.2877921,1191625257.688962,1167209808.297461
500000,2,16,0.000484717,0.000433411,0.000428481,1.1183772446938358,1.1312450260338265,16392337426,16392337426,16392337426,True,1031529737.9708159,1153639386.1715555,1166912885.285462
500000,3,16,0.000489987,0.000430014,0.000428732,1.1394675522192301,1.1428748029071776,16384560530,16384560530,16384560530,True,1020435236.0368744,1162752840.6051896,1166229719.265182
500000,4,16,0.00048649,0.000429895,0.000426177,1.1316484257783876,1.1415210112230365,16372586900,16372586900,16372586900,True,1027770354.9918805,1163074704.2882564,1173221454.9353907
500000,5,16,0.000487031,0.000538187,0.000426027,0.904947536822703,1.1431928023341245,16391015705,16391015705,16391015705,True,1026628695.0933307,929045108.8562155,1173634534.9003701
500000,6,16,0.000486921,0.000430285,0.000425436,1.1316243884867008,1.14452232533213,16369838731,16369838731,16369838731,True,1026860620.1005912,1162020521.2824059,1175264904.7095215
500000,7,16,0.00048628,0.000437108,0.000428972,1.1124939374250757,1.1335938009940043,16377507024,16377507024,16377507024,True,1028214197.5816401,1143882061.1839635,1165577240.4725716
500000,8,16,0.000487903,0.000420136,0.00042735,1.1612977702458251,1.1416941616941616,16390640719,16390640719,16390640719,True,1024793862.714515,1190090827.7319725,1170001170.00117
500000,9,16,0.000482533,0.000420056,0.000429735,1.1487349305806844,1.122861763645037,16380690610,16380690610,16380690610,True,1036198560.5129597,1190317481.47866,1163507743.1440306
500000,10,16,0.000521486,0.000431136,0.000429794,1.2095626438061309,1.2133394137656646,16390242221,16390242221,16390242221,True,958798510.4106342,1159726861.1296668,1163348022.5410314
1000000,0,16,0.00121454,0.00116138,0.00118814,1.0457731319636985,1.0222196037503999,32797881399,32797881399,32797881399,True,823356991.1242115,861044619.3321737,841651657.212113
1000000,1,16,0.00121215,0.00117959,0.00118907,1.0276028111462459,1.0194101272422986,32769346050,32769346050,32769346050,True,824980406.7153405,847752185.0812571,840993381.3820885
1000000,2,16,0.00120807,0.00109395,0.00117515,1.1043192102015633,1.028013445092116,32766532943,32766532943,32766532943,True,827766602.9286382,914118561.1773847,850955197.208867
1000000,3,16,0.00121362,0.00109548,0.00117693,1.107843137254902,1.0311743264255309,32770494746,32770494746,32770494746,True,823981147.3113494,912841859.276299,849668204.5661169
1000000,4,16,0.00121699,0.00109289,0.00112006,1.1135521415696,1.0865400067853508,32762015427,32762015427,32762015427,True,821699438.7792833,915005169.7792093,892809313.7867614
1000000,5,16,0.00121082,0.00109686,0.00112204,1.103896577503054,1.079123738904139,32775201699,32775201699,32775201699,True,825886589.2535636,911693379.2826796,891233824.1060926
1000000,6,16,0.0012057,0.00109216,0.0011247,1.1039591268678584,1.0720192051213657,32762964792,32762964792,32762964792,True,829393713.1956539,915616759.449165,889125989.152663
1000000,7,16,0.00120963,0.00109472,0.0011228,1.104967480268927,1.0773334520840756,32764944826,32764944826,32764944826,True,826699073.2703389,913475591.9321836,890630566.4410403
1000000,8,16,0.00121409,0.00109648,0.00119038,1.107261418356924,1.0199180093751574,32763239149,32763239149,32763239149,True,823662166.7256958,912009338.9756311,840067877.4845008
1000000,9,16,0.00121497,0.00109815,0.00120381,1.1063789099849746,1.0092705659530987,32772210615,32772210615,32772210615,True,823065590.0968748,910622410.4175204,830695873.9335941
1000000,10,16,0.00121711,0.00109785,0.00117771,1.1086305050781071,1.03345475541517,32782057185,32782057185,32782057185,True,821618423.9715391,910871248.3490459,849105467.3901045
5000000,0,16,0.00616098,0.00558378,0.00562739,1.103370834810827,1.0948201564135416,163925569955,163925569955,163925569955,True,811559199.997403,895450751.9995415,888511370.2800055
5000000,1,16,0.00614671,0.00562769,0.00572777,1.0922261176432957,1.0731419033934673,163821961235,163821961235,163821961235,True,813443289.1742086,888464005.6577387,872940079.6470529
5000000,2,16,0.00611899,0.00550486,0.00571811,1.1115614202722686,1.0701070808361504,163776385185,163776385185,163776385185,True,817128316.9281205,908288312.5093099,874414797.8965077
5000000,3,16,0.00616335,0.00560335,0.00586027,1.0999402143360668,1.0517177536188604,163764921224,163764921224,163764921224,True,811247130.2132769,892323342.2863109,853203009.4176549
5000000,4,16,0.00614583,0.00562406,0.00567941,1.0927746147800699,1.082124727744607,163827612822,163827612822,163827612822,True,813559763.2866514,889037456.9261352,880373137.3505347
5000000,5,16,0.00617179,0.00558149,0.00577483,1.1057602898150853,1.068739685843566,163806214199,163806214199,163806214199,True,810137739.61849,895818141.7506795,865826353.3298815
5000000,6,16,0.00614254,0.00568542,0.0056861,1.0804021514681412,1.0802729463076626,163807128919,163807128919,163807128919,True,813995513.2567309,879442503.807986,879337331.3870666
5000000,7,16,0.00612589,0.00555973,0.00567563,1.1018322832223868,1.0793321622445438,163792365483,163792365483,163792365483,True,816207930.6027368,899324247.760233,880959470.5785966
5000000,8,16,0.00583125,0.00570241,0.00583447,1.022593955888826,0.9994481075401879,163824831321,163824831321,163824831321,True,857449088.960343,876822255.853227,856975869.273473
5000000,9,16,0.00618137,0.00571734,0.00584705,1.0811618689810298,1.0571775510727632,163844025780,163844025780,163844025780,True,808882173.369334,874532562.3454264,855132075.1490067
5000000,10,16,0.00606642,0.00556425,0.0057978,1.0902493597519882,1.046331367070268,163849276037,163849276037,163849276037,True,824209335.9839906,898593700.858157,862396081.2722068
10000000,0,16,0.01198,0.0113029,0.0116601,1.0599049801378406,1.0274354422346292,327735854886,327735854886,327735854886,True,834724540.9015026,884728697.9447752,857625577.8252331
10000000,1,16,0.0122268,0.0112379,0.0116052,1.0879968677421938,1.0535621962568504,327607439354,327607439354,327607439354,True,817875486.6359146,889845967.6629975,861682693.9647745
10000000,2,16,0.0123061,0.0109925,0.0116487,1.1194996588583124,1.0564354820709607,327618754837,327618754837,327618754837,True,812605130.7887958,909711166.7045712,858464893.0781976
10000000,3,16,0.0122131,0.0113858,0.0116734,1.0726606826046479,1.0462333167714633,327667239029,327667239029,327667239029,True,818792935.4545529,878286989.0565442,856648448.6096596
10000000,4,16,0.0123504,0.0113618,0.0115912,1.0870108609551303,1.065497963972669,327649070778,327649070778,327649070778,True,809690374.4008292,880142230.9845271,862723445.3723515
10000000,5,16,0.0121261,0.0112131,0.0115904,1.0814226217549117,1.0462192849254555,327579894535,327579894535,327579894535,True,824667452.8496383,891814038.9366009,862782992.8216455
10000000,6,16,0.0123165,0.0113429,0.0116679,1.085833428840949,1.0555884092253105,327621461378,327621461378,327621461378,True,811918970.4867455,881608759.664636,857052254.4759554
10000000,7,16,0.0123147,0.0113505,0.011654,1.0849477996564028,1.0566929809507466,327696135171,327696135171,327696135171,True,812037646.0652716,881018457.3366812,858074480.8649391
10000000,8,16,0.0123792,0.0114991,0.0115953,1.0765364245897504,1.0676049778789682,327651778724,327651778724,327651778724,True,807806643.4018353,869633275.6476594,862418393.6595
10000000,9,16,0.0124117,0.0112962,0.011686,1.0987500221313362,1.062099948656512,327646592947,327646592947,327646592947,True,805691404.0784099,885253448.0621803,855724798.9046723
10000000,10,16,0.012411,0.0113262,0.0116019,1.095777930815278,1.0697385773019936,327701533106,327701533106,327701533106,True,805736846.3459834,882908654.2706292,861927787.6899474
50000000,0,16,0.0570971,0.0546568,0.0560966,1.0446476925103556,1.0178353055265381,1638469235722,1638469235722,1638469235722,True,875701217.7501135,914799256.4511644,891319616.5186481
50000000,1,16,0.061203,0.0549838,0.0546587,1.1131096795783486,1.1197302533722904,1638335381151,1638335381151,1638335381151,True,816953417.3161446,909358756.5792106,914767456.9647651
50000000,2,16,0.0577806,0.0547406,0.0561607,1.0555346488712218,1.0288440136964105,1638526798468,1638526798468,1638526798468,True,865342346.7392169,913398830.1187783,890302293.240647
50000000,3,16,0.0610725,0.0548416,0.0553782,1.1136163058699966,1.102825660639024,1638536702845,1638536702845,1638536702845,True,818699087.1505178,911716653.051698,902882361.6513357
50000000,4,16,0.0611402,0.0542251,0.0561379,1.1275258136914454,1.0891073588431346,1638008843724,1638008843724,1638008843724,True,817792548.9285282,922082209.16144,890663883.0451442
50000000,5,16,0.0606929,0.0548964,0.0555728,1.1055898018813621,1.0921332018541445,1638270495744,1638270495744,1638270495744,True,823819590.1003247,910806537.405003,899720726.6864365
50000000,6,16,0.0613122,0.0544383,0.0562113,1.1262695565438303,1.0907450992949816,1638396316648,1638396316648,1638396316648,True,815498383.6822035,918471002.9519658,889500865.4843421
50000000,7,16,0.0578769,0.0548408,0.0556634,1.0553620661988885,1.0397658066161966,1638266393896,1638266393896,1638266393896,True,863902524.150395,911729952.881796,898256304.8610038
50000000,8,16,0.0578139,0.0549963,0.054646,1.0512325374616112,1.0579713062255243,1638410278806,1638410278806,1638410278806,True,864843921.6174657,909152070.2301792,914980053.4348351
50000000,9,16,0.0577898,0.0548165,0.056161,1.054240967591875,1.029002332579548,1638371129777,1638371129777,1638371129777,True,865204586.2764709,912134120.2010344,890297537.4370114
50000000,10,16,0.0612747,0.0547864,0.0561418,1.1184290261816803,1.0914274212796882,1638440697821,1638440697821,1638440697821,True,815997467.143862,912635252.5444272,890602011.3355824
