N,baseline_mean,baseline_std,autovec_mean,autovec_std,avx_mean,avx_std,speedup_autovec,speedup_avx,throughput_avx
100,2.6881818181818185e-07,3.835575102072225e-08,2.3518181818181819e-07,1.1187655534723821e-08,2.341818181818182e-07,1.3090593430537684e-08,1.1444209959975697,1.145698689589751,428188810.9563612
500,6.183636363636364e-07,4.699419693381879e-08,5.51e-07,3.435112807463533e-08,5.81909090909091e-07,7.582275983562532e-08,1.1272547444843117,1.077598764213695,869847774.3801484
1000,1.0592727272727273e-06,2.0045403009622517e-08,1.0156363636363637e-06,1.1958952523300084e-07,1.2149090909090908e-06,9.02843004574489e-07,1.055256262644675,1.0473005318402142,987493140.1452335
5000,4.770727272727273e-06,1.6866184566112795e-07,4.053090909090909e-06,4.625895490703303e-08,4.141454545454546e-06,1.4196926684065366e-07,1.177323759175901,1.153170393381104,1208486909.9991786
10000,9.306545454545455e-06,4.530201681241935e-08,8.124363636363636e-06,3.3731002734199113e-07,8.127363636363637e-06,2.056075255078337e-07,1.1472497576128118,1.1457192872307025,1231081895.269042
50000,4.592054545454545e-05,9.793708555635451e-08,3.943363636363636e-05,4.736064342314751e-07,5.872627272727273e-05,6.26104626641441e-05,1.1646494162041607,1.064360870575799,1159073563.8401077
100000,9.17609090909091e-05,3.0784653791961274e-07,7.973209090909091e-05,4.528450429331106e-06,9.191563636363636e-05,4.081059353715093e-05,1.1536853298923107,1.086183139717033,1184217702.0766973
500000,0.0004952111818181819,1.9963179785886718e-05,0.0004369720909090909,3.422002408665005e-05,0.00043001445454545455,7.144776124745067e-06,1.1390886631214214,1.1519312569327396,1163031903.7039087
1000000,0.0012125172727272726,3.6400634360106667e-06,0.0011090463636363637,3.070682799402345e-05,0.001162799090909091,3.2998314640158686e-05,1.0940167681996231,1.0434979305589729,860630668.4239948
5000000,0.0061141018181818186,9.889193372749692e-05,0.005614034545454546,6.580297308840008e-05,0.005748075454545454,7.919305188760372e-05,1.0892611919063624,1.0639284947350562,870006325.052908
10000000,0.012275963636363636,0.00013165564380403344,0.011300809090909091,0.00012723156412262966,0.011634009090909092,3.713920986088598e-05,1.0863946616442504,1.0551916891132327,859556887.9333524
50000000,0.059550345454545454,0.001817262087517174,0.054747509090909086,0.00023249188138318034,0.05571167272727273,0.0005954179995447054,1.087778008761874,1.0690352509024983,897572100.9690684
