N,threads,seq time,par time,speedup,seq throughput,par throughput,checksum correct
10000,1,1926.00 ± 30.11 µs,2600.00 ± 85.08 µs,0.74 ± 0.02,5.19 ± 0.08 Mrec/s,3.85 ± 0.13 Mrec/s,True
10000,2,1926.00 ± 30.11 µs,1922.00 ± 102.93 µs,1.00 ± 0.04,5.19 ± 0.08 Mrec/s,5.20 ± 0.27 Mrec/s,True
10000,4,1926.00 ± 30.11 µs,1666.00 ± 54.91 µs,1.15 ± 0.03,5.19 ± 0.08 Mrec/s,6.00 ± 0.19 Mrec/s,True
10000,8,1926.00 ± 30.11 µs,2997.00 ± 614.69 µs,0.66 ± 0.18,5.19 ± 0.08 Mrec/s,3.34 ± 0.94 Mrec/s,True
100000,1,20435.00 ± 91.42 µs,21791.00 ± 101.79 µs,0.94 ± 0.01,4.89 ± 0.02 Mrec/s,4.59 ± 0.02 Mrec/s,True
100000,2,20435.00 ± 91.42 µs,14107.00 ± 82.57 µs,1.45 ± 0.01,4.89 ± 0.02 Mrec/s,7.09 ± 0.04 Mrec/s,True
100000,4,20435.00 ± 91.42 µs,10193.00 ± 158.43 µs,2.00 ± 0.04,4.89 ± 0.02 Mrec/s,9.81 ± 0.16 Mrec/s,True
100000,8,20435.00 ± 91.42 µs,8525.00 ± 30.74 µs,2.40 ± 0.01,4.89 ± 0.02 Mrec/s,11.73 ± 0.04 Mrec/s,True
1000000,1,117390.00 ± 1032.58 µs,121517.00 ± 1062.30 µs,0.97 ± 0.01,8.52 ± 0.07 Mrec/s,8.23 ± 0.07 Mrec/s,True
1000000,2,117390.00 ± 1032.58 µs,84966.00 ± 993.34 µs,1.40 ± 0.02,8.52 ± 0.07 Mrec/s,11.77 ± 0.14 Mrec/s,True
1000000,4,117390.00 ± 1032.58 µs,66140.00 ± 648.60 µs,1.78 ± 0.03,8.52 ± 0.07 Mrec/s,15.12 ± 0.15 Mrec/s,True
1000000,8,117390.00 ± 1032.58 µs,56897.00 ± 988.74 µs,2.06 ± 0.05,8.52 ± 0.07 Mrec/s,17.58 ± 0.30 Mrec/s,True
5000000,1,565556.00 ± 3851.09 µs,578254.00 ± 4533.61 µs,0.98 ± 0.01,8.84 ± 0.06 Mrec/s,8.65 ± 0.07 Mrec/s,True
5000000,2,565556.00 ± 3851.09 µs,409375.00 ± 32176.21 µs,1.38 ± 0.09,8.84 ± 0.06 Mrec/s,12.21 ± 0.82 Mrec/s,True
5000000,4,565556.00 ± 3851.09 µs,326274.00 ± 911.95 µs,1.74 ± 0.01,8.84 ± 0.06 Mrec/s,15.32 ± 0.04 Mrec/s,True
5000000,8,565556.00 ± 3851.09 µs,283587.00 ± 2812.88 µs,1.99 ± 0.01,8.84 ± 0.06 Mrec/s,17.63 ± 0.17 Mrec/s,True
10000000,1,1135803.00 ± 9014.05 µs,1144063.00 ± 4904.90 µs,0.99 ± 0.01,8.80 ± 0.07 Mrec/s,8.74 ± 0.04 Mrec/s,True
10000000,2,1135803.00 ± 9014.05 µs,820867.00 ± 3008.29 µs,1.39 ± 0.01,8.80 ± 0.07 Mrec/s,12.18 ± 0.04 Mrec/s,True
10000000,4,1135803.00 ± 9014.05 µs,657148.00 ± 1853.89 µs,1.73 ± 0.01,8.80 ± 0.07 Mrec/s,15.22 ± 0.04 Mrec/s,True
10000000,8,1135803.00 ± 9014.05 µs,569417.00 ± 65722.53 µs,2.00 ± 0.19,8.80 ± 0.07 Mrec/s,17.56 ± 1.62 Mrec/s,True
