N,baseline,CUDA total,CUDA kernel,H2D,D2H,speedup CUDA total,speedup CUDA kernel,throughput CUDA total,throughput CUDA kernel
100,0.27 ± 0.02 µs,342.43 ± 11.59 µs,14.34 ± 1.22 µs,18.40 ± 1.18 µs,17.60 ± 0.96 µs,0.00x,0.02x,0.29 ± 0.01 Melem/s,6.98 ± 0.47 Melem/s
500,0.60 ± 0.01 µs,349.83 ± 7.71 µs,15.36 ± 4.87 µs,19.46 ± 0.76 µs,18.56 ± 0.68 µs,0.00x,0.04x,1.43 ± 0.03 Melem/s,32.55 ± 4.97 Melem/s
1000,1.06 ± 0.02 µs,353.55 ± 8.68 µs,16.38 ± 0.97 µs,19.62 ± 0.66 µs,19.20 ± 0.79 µs,0.00x,0.07x,2.83 ± 0.07 Melem/s,61.04 ± 3.62 Melem/s
5000,4.73 ± 0.04 µs,355.56 ± 14.62 µs,15.36 ± 1.57 µs,24.00 ± 1.41 µs,24.10 ± 1.58 µs,0.01x,0.31x,14.06 ± 0.54 Melem/s,325.52 ± 27.90 Melem/s
10000,9.28 ± 0.04 µs,361.89 ± 14.76 µs,16.10 ± 1.44 µs,28.19 ± 0.58 µs,29.02 ± 1.55 µs,0.03x,0.58x,27.63 ± 1.02 Melem/s,621.27 ± 46.67 Melem/s
50000,46.08 ± 0.38 µs,477.84 ± 10.40 µs,18.02 ± 1.05 µs,64.58 ± 0.73 µs,97.79 ± 0.89 µs,0.10x,2.56x,104.64 ± 2.18 Melem/s,2775.31 ± 157.90 Melem/s
100000,91.74 ± 3.36 µs,594.50 ± 8.03 µs,18.02 ± 0.70 µs,105.70 ± 1.05 µs,176.00 ± 4.04 µs,0.15x,5.12x,168.21 ± 2.26 Melem/s,5550.62 ± 223.47 Melem/s
500000,486.50 ± 2.63 µs,1639.95 ± 21.73 µs,30.50 ± 1.69 µs,407.87 ± 2.76 µs,619.14 ± 6.56 µs,0.30x,16.04x,304.89 ± 4.03 Melem/s,16395.59 ± 1014.69 Melem/s
1000000,1211.69 ± 6.95 µs,3094.03 ± 52.02 µs,52.64 ± 2.44 µs,849.06 ± 22.88 µs,1140.64 ± 18.64 µs,0.39x,23.32x,323.20 ± 5.46 Melem/s,18996.96 ± 899.63 Melem/s
5000000,6153.40 ± 58.11 µs,13135.50 ± 210.59 µs,149.57 ± 2.57 µs,4944.00 ± 209.79 µs,5453.60 ± 81.37 µs,0.47x,41.14x,380.65 ± 6.23 Melem/s,33429.61 ± 565.17 Melem/s
10000000,12472.00 ± 269.65 µs,23365.50 ± 842.57 µs,244.00 ± 1.80 µs,9814.85 ± 844.57 µs,10511.30 ± 72.35 µs,0.53x,51.09x,427.98 ± 14.21 Melem/s,40983.61 ± 303.85 Melem/s
50000000,61173.20 ± 848.67 µs,113584.00 ± 2194.76 µs,1020.64 ± 1.49 µs,56826.80 ± 162.17 µs,52353.30 ± 2173.90 µs,0.54x,59.89x,440.20 ± 8.10 Melem/s,48988.87 ± 71.66 Melem/s
