N,threads,par time,weak efficiency,checksum correct
10000,1,2600.00 ± 85.08 µs,1.00,True
10000,2,1922.00 ± 102.93 µs,1.35,True
10000,4,1666.00 ± 54.91 µs,1.56,True
10000,8,2997.00 ± 614.69 µs,0.87,True
100000,1,21791.00 ± 101.79 µs,0.12,True
100000,2,14107.00 ± 82.57 µs,0.18,True
100000,4,10193.00 ± 158.43 µs,0.26,True
100000,8,8525.00 ± 30.74 µs,0.30,True
1000000,1,121517.00 ± 1062.30 µs,0.02,True
1000000,2,84966.00 ± 993.34 µs,0.03,True
1000000,4,66140.00 ± 648.60 µs,0.04,True
1000000,8,56897.00 ± 988.74 µs,0.05,True
5000000,1,578254.00 ± 4533.61 µs,0.00,True
5000000,2,409375.00 ± 32176.21 µs,0.01,True
5000000,4,326274.00 ± 911.95 µs,0.01,True
5000000,8,283587.00 ± 2812.88 µs,0.01,True
10000000,1,1144063.00 ± 4904.90 µs,0.00,True
10000000,2,820867.00 ± 3008.29 µs,0.00,True
10000000,4,657148.00 ± 1853.89 µs,0.00,True
10000000,8,569417.00 ± 65722.53 µs,0.00,True
