N,threads,time_par_median,time_par_std,checksum_correct,weak_efficiency
20000,1,0.004728680000000001,6.962256288174282e-05,True,1.0
40000,2,0.00518656,0.00013294011258206936,True,0.9117179787759133
80000,4,0.0060068,7.533677491401166e-05,True,0.7872211493640543
120000,6,0.006035250000000001,0.00017293990920419616,True,0.7835102108446212
160000,8,0.00616606,0.00017652853877237856,True,0.766888418211954
200000,10,0.00640659,0.00028350152211231586,True,0.7380962415263035
240000,12,0.0068037900000000005,0.0005477059425113278,True,0.6950067535888086
280000,14,0.007660315,0.0006251745539500682,True,0.617295763947044
320000,16,0.00831515,0.000494419319481618,True,0.5686824651389332
360000,18,0.00813062,0.0005701091000160501,True,0.5815891039059753
400000,20,0.008981625,0.0005060532520770695,True,0.5264837933002102
440000,22,0.00888389,0.0005219588575101809,True,0.5322758386247467
480000,24,0.00925148,0.0005634224338609333,True,0.5111268683497128
520000,26,0.009897785,0.00059495149652537,True,0.47775133527349817
560000,28,0.010289050000000001,0.0005815017576442341,True,0.45958373222017584
600000,30,0.01020595,0.0005262326187375062,True,0.4633258050450963
640000,32,0.0115918,0.0008201658822051385,True,0.4079331941544886
